-- phpMyAdmin SQL Dump
-- version 2.11.6
-- http://www.phpmyadmin.net
--
-- Host: localhost
-- Generation Time: Dec 27, 2009 at 10:12 PM
-- Server version: 5.0.51
-- PHP Version: 5.2.6

SET SQL_MODE="NO_AUTO_VALUE_ON_ZERO";


/*!40101 SET @OLD_CHARACTER_SET_CLIENT=@@CHARACTER_SET_CLIENT */;
/*!40101 SET @OLD_CHARACTER_SET_RESULTS=@@CHARACTER_SET_RESULTS */;
/*!40101 SET @OLD_COLLATION_CONNECTION=@@COLLATION_CONNECTION */;
/*!40101 SET NAMES utf8 */;

--
-- Database: `webiblioteka`
--

-- --------------------------------------------------------

--
-- Table structure for table `auth`
--

CREATE TABLE `auth` (
  `idAuth` int(11) NOT NULL auto_increment,
  `KorisnickoIme` varchar(20) collate utf8_slovenian_ci NOT NULL,
  `Sifra` varchar(20) collate utf8_slovenian_ci NOT NULL,
  `Odobren` tinyint(1) NOT NULL default '0',
  PRIMARY KEY  (`idAuth`)
) ENGINE=InnoDB  DEFAULT CHARSET=utf8 COLLATE=utf8_slovenian_ci AUTO_INCREMENT=23 ;

--
-- Dumping data for table `auth`
--

INSERT INTO `auth` (`idAuth`, `KorisnickoIme`, `Sifra`, `Odobren`) VALUES
(1, 'admin', 'admin', 1),
(3, 'clan', 'clan', 1),
(17, 'deni', 'deni', 1),
(19, 'bibliotekar', 'bibliotekar', 1),
(20, 'alen', 'alen', 1),
(21, 'admir', 'admir', 1),
(22, 'osman', 'osman', 0);

-- --------------------------------------------------------

--
-- Table structure for table `autor`
--

CREATE TABLE `autor` (
  `idAutor` int(11) NOT NULL auto_increment,
  `Ime` varchar(25) collate utf8_slovenian_ci NOT NULL,
  `Prezime` varchar(35) collate utf8_slovenian_ci NOT NULL,
  `Biografija` text collate utf8_slovenian_ci,
  PRIMARY KEY  (`idAutor`)
) ENGINE=InnoDB  DEFAULT CHARSET=utf8 COLLATE=utf8_slovenian_ci AUTO_INCREMENT=6 ;

--
-- Dumping data for table `autor`
--

INSERT INTO `autor` (`idAutor`, `Ime`, `Prezime`, `Biografija`) VALUES
(1, 'Roger', 'Jennings', ''),
(2, 'Meša', 'Selimović', ''),
(3, 'Nenad', 'Desimirović', ''),
(4, 'Abdulah', 'Šarčević', '-'),
(5, 'Stephenie', 'Maier', '-');

-- --------------------------------------------------------

--
-- Table structure for table `biblioteka`
--

CREATE TABLE `biblioteka` (
  `idBiblioteka` int(11) NOT NULL auto_increment,
  `Naziv` varchar(45) collate utf8_slovenian_ci NOT NULL,
  `Adresa` varchar(100) collate utf8_slovenian_ci default NULL,
  `WebAdresa` varchar(25) collate utf8_slovenian_ci default NULL,
  `Email` varchar(50) collate utf8_slovenian_ci default NULL,
  `Telefon` varchar(13) collate utf8_slovenian_ci default NULL,
  PRIMARY KEY  (`idBiblioteka`)
) ENGINE=InnoDB  DEFAULT CHARSET=utf8 COLLATE=utf8_slovenian_ci AUTO_INCREMENT=2 ;

--
-- Dumping data for table `biblioteka`
--

INSERT INTO `biblioteka` (`idBiblioteka`, `Naziv`, `Adresa`, `WebAdresa`, `Email`, `Telefon`) VALUES
(1, 'webiblioteka', NULL, NULL, NULL, NULL);

-- --------------------------------------------------------

--
-- Table structure for table `iznajmljivanje`
--

CREATE TABLE `iznajmljivanje` (
  `idIznajmljivanje` int(11) NOT NULL auto_increment,
  `DatumPosudjivanja` timestamp NULL default CURRENT_TIMESTAMP,
  `DatumVracanja` timestamp NULL default NULL,
  `idOsobaClan` int(11) NOT NULL,
  `idOsobaBibliotekar` int(11) NOT NULL,
  `idPrimjerakKnjige` int(11) NOT NULL,
  `Status` int(11) default NULL,
  `Odobreno` int(11) default NULL,
  PRIMARY KEY  (`idIznajmljivanje`),
  KEY `fk_Akcija_Osoba1` (`idOsobaClan`),
  KEY `fk_Akcija_PrimjerakKnjige1` (`idPrimjerakKnjige`),
  KEY `fk_Akcija_Osoba2` (`idOsobaBibliotekar`)
) ENGINE=InnoDB  DEFAULT CHARSET=utf8 COLLATE=utf8_slovenian_ci AUTO_INCREMENT=13 ;

--
-- Dumping data for table `iznajmljivanje`
--

INSERT INTO `iznajmljivanje` (`idIznajmljivanje`, `DatumPosudjivanja`, `DatumVracanja`, `idOsobaClan`, `idOsobaBibliotekar`, `idPrimjerakKnjige`, `Status`, `Odobreno`) VALUES
(1, '2009-12-17 19:45:04', NULL, 9, 1, 1, 0, 0),
(2, '2009-12-17 19:45:07', NULL, 9, 1, 6, 0, 0),
(3, '2009-12-17 19:45:08', '2009-12-21 12:42:45', 9, 1, 11, 1, 0),
(4, '2009-12-17 19:45:10', NULL, 9, 1, 18, 0, 0),
(5, '2009-12-17 19:45:30', NULL, 8, 1, 7, 0, 0),
(6, '2009-12-17 19:45:32', '2009-12-21 12:42:45', 8, 1, 19, 1, 0),
(7, '2009-12-17 19:45:39', NULL, 8, 1, 12, 0, 0),
(8, '2009-12-17 19:46:01', NULL, 5, 1, 13, 0, 0),
(9, '2009-12-17 19:46:03', '2009-12-21 12:42:45', 5, 1, 20, 1, 0),
(10, '2009-12-20 01:10:50', NULL, 5, 7, 2, 0, 1),
(11, '2009-12-21 12:41:56', '2009-12-21 12:42:45', 5, 7, 22, 1, 1),
(12, '2009-12-21 12:42:45', NULL, 5, 7, 19, 0, NULL);

-- --------------------------------------------------------

--
-- Table structure for table `knjigaopis`
--

CREATE TABLE `knjigaopis` (
  `idKnjigaOpis` int(11) NOT NULL auto_increment,
  `Naslov` varchar(200) collate utf8_slovenian_ci NOT NULL,
  `Podnaslov` varchar(220) collate utf8_slovenian_ci default NULL,
  `ISBN` varchar(13) collate utf8_slovenian_ci default NULL,
  `Izdanje` varchar(5) collate utf8_slovenian_ci default NULL,
  `Opis` text collate utf8_slovenian_ci,
  `Jezik` varchar(20) collate utf8_slovenian_ci default NULL,
  `GodinaIzdavanja` year(4) default NULL,
  `idZanr` int(11) default NULL,
  `DatumUlaza` timestamp NULL default NULL,
  `BrojPrimjeraka` int(11) default NULL,
  `Status` varchar(20) collate utf8_slovenian_ci default NULL,
  PRIMARY KEY  (`idKnjigaOpis`),
  UNIQUE KEY `ISBN` (`ISBN`),
  KEY `idZanr` (`idZanr`)
) ENGINE=InnoDB  DEFAULT CHARSET=utf8 COLLATE=utf8_slovenian_ci AUTO_INCREMENT=10 ;

--
-- Dumping data for table `knjigaopis`
--

INSERT INTO `knjigaopis` (`idKnjigaOpis`, `Naslov`, `Podnaslov`, `ISBN`, `Izdanje`, `Opis`, `Jezik`, `GodinaIzdavanja`, `idZanr`, `DatumUlaza`, `BrojPrimjeraka`, `Status`) VALUES
(3, 'Windows Vista za početnike', NULL, '978-86-84379-', '1', 'Ova knjiga je namijenjena korisnicima računara koji žele da na brz i jednostavan način savladaju osnove rada u operativnom sistemu Windows Vista.\r\nKnjiga može biti od velike koristi kako korisnicima koji nisu imali kontakta sa računarima tako i onima koji su imali prilike da se susretnu sa ranijim verzijama najpopularnijeg Microsof proizvoda.', 'Bosanski', 2007, 1, '2009-12-27 21:33:49', 13, NULL),
(5, 'Filozofija i vrijeme', '', '6667890123', '1', 'Po struci filozof, no po dubokom ljudskom opredjeljenju humanist, Šarčević je izuzetno plodan autor, koji je u nekoliko posljednjih godina objavio broj naslova s kojim bi se mogla podičiti prosječna cijela spisateljska karijera ovdašnjih filozofa i teoretičara. Na spomenutim bliskim nam prostorima, s njime bi se mogli usporediti tek ljubljanski profesor filozofije Ivan Urbančić, te najcjenjeniji aktivni filozof u Hrvatskoj, Danilo Pejović.', 'Bosanski', 2008, 6, '2009-12-05 23:00:19', 36, NULL),
(7, 'Domaćin', '', '7533586797', '1', 'U ovoj dosad neviđenoj mješavini naučnofantastičnog i ljubavnog romana, Stefani Majer otkriva šta se dešava s intimnim vezama kada dva bića nastanjuju isto tijelo. Zemlju je okupirala vanzemaljska rasa Duša, koja zaposijeda ljudska tijela i briše njihove ličnosti.\r\n\r\nMelani Strajder, jedna od malobrojnih slobodnih ljudi, biva uhvaećena i njeno tijelo nastani Duša po imenu Lutalica, živa legenda među pripadnicima svoje vrste zbog mnogih domaćina u kojima je boravila i mnoštva planeta na kojima je živjela. Njen zadatak je da otkrije lokaciju poreostalih pripadnika pokreta otpora.\r\n\r\nMeđutim, bitisanje u ljudskom tijelu i ljudskom umu nije ni nalik bilo čemu što je Lutalica do tada iskusila. Ubrzo otkriva da Melani nema namjeru da se preda bez borbe - umjesto da joj pruži željne informacije, ona Lutaličin um ispunjava sjećanjima na voljenog muškarca, Džareda, koji je još uvijek u bjekstvu. Nemoćna da se odupre željama svog domaćina, Lutalica počinje da žudi za tim istim čovjekom, koga po zadatku mora da pronađe. Kada okolnosti natjeraju lutalicu i Melani da se i protiv svoje volje udruže, njih dvije će krenuti u opasnu i neizvjesnu potragu za muškarcem kojeg obje vole.', 'Bosanski', 2008, 7, '2009-12-14 22:26:05', 12, NULL),
(8, 'Visual Basic 2005', 'programiranje baza podataka', '978-86-7310-3', '1', 'Da li se kolebate da pređete na Visual Basic 2005? Možda ste spremni da pređete na Visual Basic 2005 ali vas pomalo plaši ADO.NET 2.0 i Visual Data Tools nove verzije softverskog paketa. U ovom praktičnom priručniku pokazat ću vam najbolja rješenja, najnovije mogućnosti i napredne tehnike upravljanja podacima pomoću Visual Basica 2005 i SQL Servera ili SQL Servera Express.\r\n\r\nPrvo ću vam objasniti osnove ADO.NET-a 2.0, a zatim ću preći na strukturiranje i programiranje klijenata pomoću skupova podataka koji će služiti kao izvori podataka. Postepeno ću vas uputiti u korištenje Web kontrola DataSource, GridView i DetailsView. Na kraju ću vam pokazati kako koristiti nove T-SQL ekstenzije, pomoćnih programa za Web usluge i obavještenja.\r\n\r\nU OVOJ KNJIZI NAUČIT ĆETE :\r\nPraviti korisne Windows i Web formulare za jednostavnu bazu podataka za manje od pet minuta - i nećete morati napisati ni jedan red programskog koda\r\nEfikasno napisati programski kod za provjeravanje podataka za povezana tekstualna polja i kontrole DataGridView\r\nPrimjeniti napredne ASP.NET 2.0 tehnike rada sa podacima\r\nPraviti i prosljeđivati VB 2005 SQL CLR projekte\r\nSADRŽAJ:\r\n\r\nDIO I Osnove ADO.NET-a 2.0\r\n\r\n1. Prelazak sa Ado-a na ADO.NET\r\n2. Uvod u nove osobine ADO.NET-a 2.0\r\n3. Usvajanje najboljih rješenja za projekte za obradu podataka\r\n\r\nDIO II Povezivanje podataka u Windowsovim formularima i kontrolama\r\n\r\n4. Programiranje pomoću kontrola TableAdapter, BindingSource i DataGridView\r\n5. Provjeravanje valjanosti podataka i upravljanje konkurentnim korištenjem podataka\r\n6. Primjenjivanje naprednih tehnika za korištenje kontrole DataSet\r\n\r\nDIO III Povezivanje podataka u ASP.NET-u 2.0\r\n\r\n7. Korištenje ASP.NET 2.0 povezanih kontrola i kontrola DataSource\r\n8. Primjenjivanje naprednih ASP.NET 2.0 tehnika za rad s podacima\r\n9. Objavljivanje XML web usluga\r\n\r\nDIO IV SQL Server 2005 i ADO.NET 2.0\r\n\r\n10. Unapređivanje SQL Servera 2000 u SQL Server 2005\r\n11. Pravljenje SQL Server projekata\r\n12. Upoznavanje sa tipom podataka XML', 'Bosanski', 2005, 3, '2009-12-27 21:21:58', 1106, NULL),
(9, 'Derviš i smrt', '', '2222222222', '1', 'Stari princip dobra i zla, reći će jednom u razgovoru Meša Selimović (1910-1982) - svjetla i tmine -, anđela i đavola, osnova je svih religija i većine filozofskih sistema, zato što mu je osnova u životu. Samo, ja se priklanjam onima koji smatraju da dobro i zlo nisu odvojeni i mehanički suprotstavljeni. Oni su neodvojive čovjekove osobine i veoma su izmiješane, kao mirisi. Moje nastojanje da izbjegnem jedan način,, jedno raspoloženje, jednu fakturu, jedan smjer, proizilazi iz činjenice koju je lako uočiti. Životne pojave su sinhronizo-vane, istovremene, postoji i smijeh i plač, i radost i tuga, i smrt i rađanje, toliko smiješani, da ih ne možemo razdvojiti ako ne želimo da im oduzmemo autentičnost. Gotovo je apsurdno, recimo, pisati ljubavni roman, ili filozofski ili društveni, jer je to parcelisanje života, apstraktno i shematsko. I ljubav i društvena zainteresovanost i filozofska misao o svemu što nam se događa, i mnogo šta drugo, postoji u isto vrijeme, u istom čovjeku, kao oblik raznih i raznovrsnih manifestovanja, njegovog mogućeg i stvarnog bogatstva&quot;. Vrednost romana “Derviš i smrt”, razume se, nije u tome što nam ovo saznanje ponovo izlaže u intelektualnom obliku, no u to-me što ga čini umetnički uverljivim.', 'bs', 1990, 5, '2009-12-17 19:42:15', 8, NULL);

-- --------------------------------------------------------

--
-- Table structure for table `log`
--

CREATE TABLE `log` (
  `idlog` int(11) NOT NULL auto_increment,
  `vrijeme` timestamp NOT NULL default CURRENT_TIMESTAMP on update CURRENT_TIMESTAMP,
  `userid` int(11) NOT NULL default '0',
  `dogadjaj` varchar(255) collate utf8_slovenian_ci NOT NULL,
  PRIMARY KEY  (`idlog`)
) ENGINE=MyISAM  DEFAULT CHARSET=utf8 COLLATE=utf8_slovenian_ci AUTO_INCREMENT=88 ;

--
-- Dumping data for table `log`
--

INSERT INTO `log` (`idlog`, `vrijeme`, `userid`, `dogadjaj`) VALUES
(26, '2009-12-15 01:37:53', 5, 'Iznajmljen primjerak'),
(25, '2009-12-15 00:11:54', 4, 'Iznajmljen primjerak'),
(24, '2009-12-15 00:11:52', 4, 'Iznajmljen primjerak'),
(23, '2009-12-15 00:11:50', 4, 'Iznajmljen primjerak'),
(22, '2009-12-15 00:06:14', 4, 'Primjerak rezervisan'),
(27, '2009-12-15 02:30:21', 7, 'Vraceni primjerci knjige'),
(28, '2009-12-15 02:31:22', 7, 'Vraceni primjerci knjige'),
(29, '2009-12-15 03:02:03', 5, 'Primjerak rezervisan'),
(30, '2009-12-15 03:02:06', 5, 'Primjerak rezervisan'),
(31, '2009-12-15 03:02:08', 5, 'Iznajmljen primjerak'),
(32, '2009-12-15 03:04:32', 8, 'Primjerak rezervisan'),
(33, '2009-12-15 03:04:34', 8, 'Primjerak rezervisan'),
(34, '2009-12-15 03:04:36', 8, 'Primjerak rezervisan'),
(35, '2009-12-15 03:07:24', 8, 'Iznajmljen primjerak'),
(36, '2009-12-15 03:07:39', 5, 'Primjerak rezervisan'),
(37, '2009-12-15 03:08:41', 7, 'Vracen primjerak knjige id=57'),
(38, '2009-12-15 03:12:28', 7, 'Vracen primjerak knjige id=57'),
(39, '2009-12-15 03:12:28', 7, 'Iznajmljen primjerak clanu id=5 (rezervacija)'),
(40, '2009-12-16 16:36:50', 7, 'Vracen primjerak knjige id=57'),
(41, '2009-12-16 16:36:51', 7, 'Iznajmljen primjerak clanu id=5 (rezervacija)'),
(42, '2009-12-16 16:38:57', 7, 'Vracen primjerak knjige id=57'),
(43, '2009-12-16 18:57:07', 8, 'Iznajmljen primjerak'),
(44, '2009-12-16 19:09:21', 5, 'Iznajmljen primjerak'),
(45, '2009-12-16 19:09:34', 8, 'Primjerak rezervisan'),
(46, '2009-12-17 01:45:18', 8, 'Iznajmljen primjerak'),
(47, '2009-12-17 02:56:36', 5, 'Iznajmljen primjerak'),
(48, '2009-12-17 02:56:43', 5, 'Uspjesno ocijenjena knjiga'),
(49, '2009-12-17 02:57:40', 5, 'Uspjesno ocijenjena knjiga'),
(50, '2009-12-17 02:57:48', 5, 'Uspjesno ocijenjena knjiga'),
(51, '2009-12-17 19:13:29', 8, 'Iznajmljen primjerak'),
(52, '2009-12-17 19:13:42', 8, 'Uspjesno ocijenjena knjiga'),
(53, '2009-12-17 19:21:01', 8, 'Uspjesno ocijenjena knjiga'),
(54, '2009-12-17 19:21:05', 8, 'Uspjesno ocijenjena knjiga'),
(55, '2009-12-17 19:23:23', 8, 'Uspjesno ocijenjena knjiga'),
(56, '2009-12-17 19:23:27', 8, 'Uspjesno ocijenjena knjiga'),
(57, '2009-12-17 19:23:31', 8, 'Uspjesno ocijenjena knjiga'),
(58, '2009-12-17 19:23:35', 8, 'Uspjesno ocijenjena knjiga'),
(59, '2009-12-17 19:27:46', 9, 'Iznajmljen primjerak'),
(60, '2009-12-17 19:28:42', 5, 'Iznajmljen primjerak'),
(79, '2009-12-17 20:00:35', 9, 'Uspjesno ocijenjena knjiga'),
(80, '2009-12-20 01:10:50', 7, 'Primjerak idprimjerak=2 uspjesno iznajmljen clanu idclan=5'),
(81, '2009-12-21 12:08:35', 9, 'Uspješno ocijenjena knjiga'),
(82, '2009-12-21 12:41:56', 7, 'Primjerak idprimjerak=22 uspješno iznajmljen članu idclan=5'),
(83, '2009-12-21 12:42:45', 7, 'Vraćen primjerak knjige id=11'),
(84, '2009-12-21 12:42:45', 7, 'Vraćen primjerak knjige id=19'),
(85, '2009-12-21 12:42:45', 7, 'Iznajmljen primjerak članu id=5 (rezervacija)'),
(86, '2009-12-21 12:42:45', 7, 'Vraćen primjerak knjige id=20'),
(87, '2009-12-21 12:42:45', 7, 'Vraćen primjerak knjige id=22');

-- --------------------------------------------------------

--
-- Table structure for table `obavijest`
--

CREATE TABLE `obavijest` (
  `idObavijest` int(11) NOT NULL auto_increment,
  `Naslov` varchar(25) collate utf8_slovenian_ci NOT NULL,
  `Tekst` text collate utf8_slovenian_ci NOT NULL,
  `Datum` timestamp NULL default NULL,
  `idOsoba` int(11) NOT NULL,
  `idPoslovnica` int(11) NOT NULL,
  PRIMARY KEY  (`idObavijest`),
  KEY `fk_Obavijest_Osoba1` (`idOsoba`),
  KEY `fk_Obavijest_Poslovnica1` (`idPoslovnica`)
) ENGINE=InnoDB  DEFAULT CHARSET=utf8 COLLATE=utf8_slovenian_ci AUTO_INCREMENT=4 ;

--
-- Dumping data for table `obavijest`
--

INSERT INTO `obavijest` (`idObavijest`, `Naslov`, `Tekst`, `Datum`, `idOsoba`, `idPoslovnica`) VALUES
(1, 'Neradni dan', 'Obavijestaavamo sve korinsike nasih usluga da je srijeda 12.12.1212 neradni dan te da nasi korinici nece moci iznajmljivati knjige. \r\nHvala', '2009-12-19 15:24:06', 7, 1),
(2, 'Novogodisnji praznici', 'The purpose of a web browser (like Internet Explorer or Firefox) is to read HTML documents and display them as web pages. The browser does not display the HTML tags, but uses the tags to interpret the content of the page: The purpose of a web browser (like Internet Explorer or Firefox) is to read HTML documents and display them as web pages. The browser does not display the HTML tags, but uses the tags to interpret the content of the page:', '2009-12-19 15:33:13', 7, 2),
(3, 'Akcija: 2 za 1', 'U periodu od 12 do 20 decembra svim na', '2009-12-19 15:32:54', 7, 1);

-- --------------------------------------------------------

--
-- Table structure for table `ocjena`
--

CREATE TABLE `ocjena` (
  `idOcjena` int(11) NOT NULL auto_increment,
  `Vrijednost` tinyint(4) NOT NULL,
  `Komentar` text collate utf8_slovenian_ci,
  `idOsoba` int(11) NOT NULL,
  `idKnjigaOpis` int(11) NOT NULL,
  PRIMARY KEY  (`idOcjena`),
  KEY `fk_Ocjena_Osoba1` (`idOsoba`),
  KEY `fk_Ocjena_KnjigaOpis1` (`idKnjigaOpis`)
) ENGINE=InnoDB  DEFAULT CHARSET=utf8 COLLATE=utf8_slovenian_ci AUTO_INCREMENT=16 ;

--
-- Dumping data for table `ocjena`
--

INSERT INTO `ocjena` (`idOcjena`, `Vrijednost`, `Komentar`, `idOsoba`, `idKnjigaOpis`) VALUES
(3, 1, '', 8, 7),
(4, 2, '', 8, 5),
(5, 3, '', 8, 8),
(10, 2, '', 5, 7),
(12, 4, '', 5, 8),
(13, 1, '', 9, 3),
(14, 3, '', 9, 5),
(15, 1, 'asdadasda asfdmask sakjdlaskl sjkfkdjf', 9, 7);

-- --------------------------------------------------------

--
-- Table structure for table `osoba`
--

CREATE TABLE `osoba` (
  `idOsoba` int(11) NOT NULL auto_increment,
  `Ime` varchar(25) collate utf8_slovenian_ci NOT NULL,
  `Prezime` varchar(35) collate utf8_slovenian_ci NOT NULL,
  `JMBG` varchar(13) collate utf8_slovenian_ci NOT NULL,
  `UlicaIBroj` varchar(25) collate utf8_slovenian_ci NOT NULL,
  `PostanskiBroj` varchar(5) collate utf8_slovenian_ci NOT NULL,
  `Grad` varchar(25) collate utf8_slovenian_ci NOT NULL,
  `Telefon` varchar(13) collate utf8_slovenian_ci default NULL,
  `Email` varchar(50) collate utf8_slovenian_ci default NULL,
  `Status` varchar(50) collate utf8_slovenian_ci default NULL,
  `idAuth` int(11) default NULL,
  `idPoslovnica` int(11) NOT NULL,
  PRIMARY KEY  (`idOsoba`),
  KEY `fk_Osoba_Auth1` (`idAuth`),
  KEY `fk_Osoba_Poslovnica1` (`idPoslovnica`)
) ENGINE=InnoDB  DEFAULT CHARSET=utf8 COLLATE=utf8_slovenian_ci AUTO_INCREMENT=11 ;

--
-- Dumping data for table `osoba`
--

INSERT INTO `osoba` (`idOsoba`, `Ime`, `Prezime`, `JMBG`, `UlicaIBroj`, `PostanskiBroj`, `Grad`, `Telefon`, `Email`, `Status`, `idAuth`, `idPoslovnica`) VALUES
(1, 'Site', 'Admin', '', '', '', '', NULL, NULL, NULL, 1, 1),
(5, 'Denis', 'Marusic', '343534534', 'dkhfjdhf', '4545', 'rrr', '0623483984', 'admirheric@gmail.co', NULL, 17, 1),
(7, 'Haris', 'Alesevic', '0', '', '0', '', '', '', NULL, 19, 2),
(8, 'Alen', 'Alenovic', '0', '', '0', '', '', '', NULL, 20, 1),
(9, 'Admir', 'Admir', '333', 'dkhfjdhf', '4545', 'ioi', '0623483984', 'adasd@dfd.com', NULL, 21, 1),
(10, 'Osman', 'Osmanovic', '2147483647', 'neka ulica', '70000', 'neki', '066111222', 'ccc@ccc.com', NULL, 22, 1);

-- --------------------------------------------------------

--
-- Table structure for table `pisac`
--

CREATE TABLE `pisac` (
  `idAutor` int(11) NOT NULL auto_increment,
  `idKnjigaOpis` int(11) NOT NULL,
  PRIMARY KEY  (`idAutor`,`idKnjigaOpis`),
  KEY `idAutor` (`idAutor`),
  KEY `idKnjigaOpis` (`idKnjigaOpis`)
) ENGINE=InnoDB  DEFAULT CHARSET=utf8 COLLATE=utf8_slovenian_ci AUTO_INCREMENT=4 ;

--
-- Dumping data for table `pisac`
--

INSERT INTO `pisac` (`idAutor`, `idKnjigaOpis`) VALUES
(1, 8),
(2, 9),
(3, 3),
(4, 5),
(5, 7);

-- --------------------------------------------------------

--
-- Table structure for table `poslovnica`
--

CREATE TABLE `poslovnica` (
  `idPoslovnica` int(11) NOT NULL auto_increment,
  `Naziv` varchar(45) collate utf8_slovenian_ci NOT NULL,
  `UlicaIBroj` varchar(25) collate utf8_slovenian_ci NOT NULL,
  `PostanskiBroj` varchar(5) collate utf8_slovenian_ci NOT NULL,
  `Grad` varchar(25) collate utf8_slovenian_ci NOT NULL,
  `Telefon` varchar(13) collate utf8_slovenian_ci default NULL,
  `Email` varchar(50) collate utf8_slovenian_ci default NULL,
  `idBiblioteka` int(11) NOT NULL,
  PRIMARY KEY  (`idPoslovnica`),
  KEY `fk_Poslovnica_Biblioteka1` (`idBiblioteka`)
) ENGINE=InnoDB  DEFAULT CHARSET=utf8 COLLATE=utf8_slovenian_ci AUTO_INCREMENT=4 ;

--
-- Dumping data for table `poslovnica`
--

INSERT INTO `poslovnica` (`idPoslovnica`, `Naziv`, `UlicaIBroj`, `PostanskiBroj`, `Grad`, `Telefon`, `Email`, `idBiblioteka`) VALUES
(1, 'Poslovnica br.1', 'Logavina 12', '77000', 'Sarajevo', '033-123-456', 'pbr1@webiblioteka.ba', 1),
(2, 'Poslovnica br.2', 'Bardakcije 1', '77000', 'Sarajevo', '033-123-456', 'pbr2@webiblioteka.ba', 1),
(3, 'Poslovnica br.3', 'Zaima ', '77000', 'Sarajevo', '033-122-1231', 'pbr3@webiblioteka.ba', 1);

-- --------------------------------------------------------

--
-- Table structure for table `primjerakknjige`
--

CREATE TABLE `primjerakknjige` (
  `idPrimjerakKnjige` int(11) NOT NULL auto_increment,
  `idKnjigaOpis` int(11) NOT NULL,
  `idPoslovnica` int(11) NOT NULL,
  `Status` int(11) NOT NULL default '0',
  PRIMARY KEY  (`idPrimjerakKnjige`),
  KEY `fk_PrimjerakKnjige_KnjigaOpis1` (`idKnjigaOpis`),
  KEY `fk_PrimjerakKnjige_Poslovnica1` (`idPoslovnica`)
) ENGINE=InnoDB  DEFAULT CHARSET=utf8 COLLATE=utf8_slovenian_ci AUTO_INCREMENT=1697 ;

--
-- Dumping data for table `primjerakknjige`
--

INSERT INTO `primjerakknjige` (`idPrimjerakKnjige`, `idKnjigaOpis`, `idPoslovnica`, `Status`) VALUES
(1, 3, 1, 1),
(2, 3, 1, 0),
(3, 3, 1, 0),
(4, 3, 1, 0),
(5, 3, 1, 0),
(6, 5, 1, 1),
(7, 5, 1, 1),
(8, 5, 1, 0),
(9, 5, 1, 0),
(10, 5, 1, 0),
(11, 7, 1, 1),
(12, 7, 1, 1),
(13, 7, 1, 1),
(14, 7, 1, 0),
(15, 7, 1, 0),
(16, 7, 1, 0),
(17, 7, 1, 0),
(18, 8, 1, 1),
(19, 8, 1, 1),
(20, 8, 1, 1),
(21, 8, 1, 0),
(22, 8, 1, 0),
(23, 8, 1, 0),
(24, 9, 1, 0),
(25, 9, 1, 0),
(26, 9, 1, 0),
(27, 9, 1, 0),
(28, 9, 1, 0),
(29, 9, 1, 0),
(30, 9, 1, 0),
(31, 9, 1, 0),
(32, 8, 1, 0),
(33, 8, 1, 0),
(34, 8, 1, 0),
(35, 8, 1, 0),
(36, 8, 1, 0),
(37, 8, 1, 0),
(38, 8, 1, 0),
(39, 8, 1, 0),
(40, 8, 1, 0),
(41, 8, 1, 0),
(42, 8, 1, 0),
(43, 8, 1, 0),
(44, 8, 1, 0),
(45, 8, 1, 0),
(46, 8, 1, 0),
(47, 8, 1, 0),
(48, 8, 1, 0),
(49, 8, 1, 0),
(50, 8, 1, 0),
(51, 8, 1, 0),
(52, 8, 1, 0),
(53, 8, 1, 0),
(54, 8, 1, 0),
(55, 8, 1, 0),
(56, 8, 1, 0),
(57, 8, 1, 0),
(58, 8, 1, 0),
(59, 8, 1, 0),
(60, 8, 1, 0),
(61, 8, 1, 0),
(62, 8, 1, 0),
(63, 8, 1, 0),
(64, 8, 1, 0),
(65, 8, 1, 0),
(66, 8, 1, 0),
(67, 8, 1, 0),
(68, 8, 1, 0),
(69, 8, 1, 0),
(70, 8, 1, 0),
(71, 8, 1, 0),
(72, 8, 1, 0),
(73, 8, 1, 0),
(74, 8, 1, 0),
(75, 8, 1, 0),
(76, 8, 1, 0),
(77, 8, 1, 0),
(78, 8, 1, 0),
(79, 8, 1, 0),
(80, 8, 1, 0),
(81, 8, 1, 0),
(82, 8, 1, 0),
(83, 8, 1, 0),
(84, 8, 1, 0),
(85, 8, 1, 0),
(86, 8, 1, 0),
(87, 8, 1, 0),
(88, 8, 1, 0),
(89, 8, 1, 0),
(90, 8, 1, 0),
(91, 8, 1, 0),
(92, 8, 1, 0),
(93, 8, 1, 0),
(94, 8, 1, 0),
(95, 8, 1, 0),
(96, 8, 1, 0),
(97, 8, 1, 0),
(98, 8, 1, 0),
(99, 8, 1, 0),
(100, 8, 1, 0),
(101, 8, 1, 0),
(102, 8, 1, 0),
(103, 8, 1, 0),
(104, 8, 1, 0),
(105, 8, 1, 0),
(106, 8, 1, 0),
(107, 8, 1, 0),
(108, 8, 1, 0),
(109, 8, 1, 0),
(110, 8, 1, 0),
(111, 8, 1, 0),
(112, 8, 1, 0),
(113, 8, 1, 0),
(114, 8, 1, 0),
(115, 8, 1, 0),
(116, 8, 1, 0),
(117, 8, 1, 0),
(118, 8, 1, 0),
(119, 8, 1, 0),
(120, 8, 1, 0),
(121, 8, 1, 0),
(122, 8, 1, 0),
(123, 8, 1, 0),
(124, 8, 1, 0),
(125, 8, 1, 0),
(126, 8, 1, 0),
(127, 8, 1, 0),
(128, 8, 1, 0),
(129, 8, 1, 0),
(130, 8, 1, 0),
(131, 8, 1, 0),
(132, 8, 1, 0),
(133, 8, 1, 0),
(134, 8, 1, 0),
(135, 8, 1, 0),
(136, 8, 1, 0),
(137, 8, 1, 0),
(138, 8, 1, 0),
(139, 8, 1, 0),
(140, 8, 1, 0),
(141, 8, 1, 0),
(142, 8, 1, 0),
(143, 8, 1, 0),
(144, 8, 1, 0),
(145, 8, 1, 0),
(146, 8, 1, 0),
(147, 8, 1, 0),
(148, 8, 1, 0),
(149, 8, 1, 0),
(150, 8, 1, 0),
(151, 8, 1, 0),
(152, 8, 1, 0),
(153, 8, 1, 0),
(154, 8, 1, 0),
(155, 8, 1, 0),
(156, 8, 1, 0),
(157, 8, 1, 0),
(158, 8, 1, 0),
(159, 8, 1, 0),
(160, 8, 1, 0),
(161, 8, 1, 0),
(162, 8, 1, 0),
(163, 8, 1, 0),
(164, 8, 1, 0),
(165, 8, 1, 0),
(166, 8, 1, 0),
(167, 8, 1, 0),
(168, 8, 1, 0),
(169, 8, 1, 0),
(170, 8, 1, 0),
(171, 8, 1, 0),
(172, 8, 1, 0),
(173, 8, 1, 0),
(174, 8, 1, 0),
(175, 8, 1, 0),
(176, 8, 1, 0),
(177, 8, 1, 0),
(178, 8, 1, 0),
(179, 8, 1, 0),
(180, 8, 1, 0),
(181, 8, 1, 0),
(182, 8, 1, 0),
(183, 8, 1, 0),
(184, 8, 1, 0),
(185, 8, 1, 0),
(186, 8, 1, 0),
(187, 8, 1, 0),
(188, 8, 1, 0),
(189, 8, 1, 0),
(190, 8, 1, 0),
(191, 8, 1, 0),
(192, 8, 1, 0),
(193, 8, 1, 0),
(194, 8, 1, 0),
(195, 8, 1, 0),
(196, 8, 1, 0),
(197, 8, 1, 0),
(198, 8, 1, 0),
(199, 8, 1, 0),
(200, 8, 1, 0),
(201, 8, 1, 0),
(202, 8, 1, 0),
(203, 8, 1, 0),
(204, 8, 1, 0),
(205, 8, 1, 0),
(206, 8, 1, 0),
(207, 8, 1, 0),
(208, 8, 1, 0),
(209, 8, 1, 0),
(210, 8, 1, 0),
(211, 8, 1, 0),
(212, 8, 1, 0),
(213, 8, 1, 0),
(214, 8, 1, 0),
(215, 8, 1, 0),
(216, 8, 1, 0),
(217, 8, 1, 0),
(218, 8, 1, 0),
(219, 8, 1, 0),
(220, 8, 1, 0),
(221, 8, 1, 0),
(222, 8, 1, 0),
(223, 8, 1, 0),
(224, 8, 1, 0),
(225, 8, 1, 0),
(226, 8, 1, 0),
(227, 8, 1, 0),
(228, 8, 1, 0),
(229, 8, 1, 0),
(230, 8, 1, 0),
(231, 8, 1, 0),
(232, 8, 1, 0),
(233, 8, 1, 0),
(234, 8, 1, 0),
(235, 8, 1, 0),
(236, 8, 1, 0),
(237, 8, 1, 0),
(238, 8, 1, 0),
(239, 8, 1, 0),
(240, 8, 1, 0),
(241, 8, 1, 0),
(242, 8, 1, 0),
(243, 8, 1, 0),
(244, 8, 1, 0),
(245, 8, 1, 0),
(246, 8, 1, 0),
(247, 8, 1, 0),
(248, 8, 1, 0),
(249, 8, 1, 0),
(250, 8, 1, 0),
(251, 8, 1, 0),
(252, 8, 1, 0),
(253, 8, 1, 0),
(254, 8, 1, 0),
(255, 8, 1, 0),
(256, 8, 1, 0),
(257, 8, 1, 0),
(258, 8, 1, 0),
(259, 8, 1, 0),
(260, 8, 1, 0),
(261, 8, 1, 0),
(262, 8, 1, 0),
(263, 8, 1, 0),
(264, 8, 1, 0),
(265, 8, 1, 0),
(266, 8, 1, 0),
(267, 8, 1, 0),
(268, 8, 1, 0),
(269, 8, 1, 0),
(270, 8, 1, 0),
(271, 8, 1, 0),
(272, 8, 1, 0),
(273, 8, 1, 0),
(274, 8, 1, 0),
(275, 8, 1, 0),
(276, 8, 1, 0),
(277, 8, 1, 0),
(278, 8, 1, 0),
(279, 8, 1, 0),
(280, 8, 1, 0),
(281, 8, 1, 0),
(282, 8, 1, 0),
(283, 8, 1, 0),
(284, 8, 1, 0),
(285, 8, 1, 0),
(286, 8, 1, 0),
(287, 8, 1, 0),
(288, 8, 1, 0),
(289, 8, 1, 0),
(290, 8, 1, 0),
(291, 8, 1, 0),
(292, 8, 1, 0),
(293, 8, 1, 0),
(294, 8, 1, 0),
(295, 8, 1, 0),
(296, 8, 1, 0),
(297, 8, 1, 0),
(298, 8, 1, 0),
(299, 8, 1, 0),
(300, 8, 1, 0),
(301, 8, 1, 0),
(302, 8, 1, 0),
(303, 8, 1, 0),
(304, 8, 1, 0),
(305, 8, 1, 0),
(306, 8, 1, 0),
(307, 8, 1, 0),
(308, 8, 1, 0),
(309, 8, 1, 0),
(310, 8, 1, 0),
(311, 8, 1, 0),
(312, 8, 1, 0),
(313, 8, 1, 0),
(314, 8, 1, 0),
(315, 8, 1, 0),
(316, 8, 1, 0),
(317, 8, 1, 0),
(318, 8, 1, 0),
(319, 8, 1, 0),
(320, 8, 1, 0),
(321, 8, 1, 0),
(322, 8, 1, 0),
(323, 8, 1, 0),
(324, 8, 1, 0),
(325, 8, 1, 0),
(326, 8, 1, 0),
(327, 8, 1, 0),
(328, 8, 1, 0),
(329, 8, 1, 0),
(330, 8, 1, 0),
(331, 8, 1, 0),
(332, 8, 1, 0),
(333, 8, 1, 0),
(334, 8, 1, 0),
(335, 8, 1, 0),
(336, 8, 1, 0),
(337, 8, 1, 0),
(338, 8, 1, 0),
(339, 8, 1, 0),
(340, 8, 1, 0),
(341, 8, 1, 0),
(342, 8, 1, 0),
(343, 8, 1, 0),
(344, 8, 1, 0),
(345, 8, 1, 0),
(346, 8, 1, 0),
(347, 8, 1, 0),
(348, 8, 1, 0),
(349, 8, 1, 0),
(350, 8, 1, 0),
(351, 8, 1, 0),
(352, 8, 1, 0),
(353, 8, 1, 0),
(354, 8, 1, 0),
(355, 8, 1, 0),
(356, 8, 1, 0),
(357, 8, 1, 0),
(358, 8, 1, 0),
(359, 8, 1, 0),
(360, 8, 1, 0),
(361, 8, 1, 0),
(362, 8, 1, 0),
(363, 8, 1, 0),
(364, 8, 1, 0),
(365, 8, 1, 0),
(366, 8, 1, 0),
(367, 8, 1, 0),
(368, 8, 1, 0),
(369, 8, 1, 0),
(370, 8, 1, 0),
(371, 8, 1, 0),
(372, 8, 1, 0),
(373, 8, 1, 0),
(374, 8, 1, 0),
(375, 8, 1, 0),
(376, 8, 1, 0),
(377, 8, 1, 0),
(378, 8, 1, 0),
(379, 8, 1, 0),
(380, 8, 1, 0),
(381, 8, 1, 0),
(382, 8, 1, 0),
(383, 8, 1, 0),
(384, 8, 1, 0),
(385, 8, 1, 0),
(386, 8, 1, 0),
(387, 8, 1, 0),
(388, 8, 1, 0),
(389, 8, 1, 0),
(390, 8, 1, 0),
(391, 8, 1, 0),
(392, 8, 1, 0),
(393, 8, 1, 0),
(394, 8, 1, 0),
(395, 8, 1, 0),
(396, 8, 1, 0),
(397, 8, 1, 0),
(398, 8, 1, 0),
(399, 8, 1, 0),
(400, 8, 1, 0),
(401, 8, 1, 0),
(402, 8, 1, 0),
(403, 8, 1, 0),
(404, 8, 1, 0),
(405, 8, 1, 0),
(406, 8, 1, 0),
(407, 8, 1, 0),
(408, 8, 1, 0),
(409, 8, 1, 0),
(410, 8, 1, 0),
(411, 8, 1, 0),
(412, 8, 1, 0),
(413, 8, 1, 0),
(414, 8, 1, 0),
(415, 8, 1, 0),
(416, 8, 1, 0),
(417, 8, 1, 0),
(418, 8, 1, 0),
(419, 8, 1, 0),
(420, 8, 1, 0),
(421, 8, 1, 0),
(422, 8, 1, 0),
(423, 8, 1, 0),
(424, 8, 1, 0),
(425, 8, 1, 0),
(426, 8, 1, 0),
(427, 8, 1, 0),
(428, 8, 1, 0),
(429, 8, 1, 0),
(430, 8, 1, 0),
(431, 8, 1, 0),
(432, 8, 1, 0),
(433, 8, 1, 0),
(434, 8, 1, 0),
(435, 8, 1, 0),
(436, 8, 1, 0),
(437, 8, 1, 0),
(438, 8, 1, 0),
(439, 8, 1, 0),
(440, 8, 1, 0),
(441, 8, 1, 0),
(442, 8, 1, 0),
(443, 8, 1, 0),
(444, 8, 1, 0),
(445, 8, 1, 0),
(446, 8, 1, 0),
(447, 8, 1, 0),
(448, 8, 1, 0),
(449, 8, 1, 0),
(450, 8, 1, 0),
(451, 8, 1, 0),
(452, 8, 1, 0),
(453, 8, 1, 0),
(454, 8, 1, 0),
(455, 8, 1, 0),
(456, 8, 1, 0),
(457, 8, 1, 0),
(458, 8, 1, 0),
(459, 8, 1, 0),
(460, 8, 1, 0),
(461, 8, 1, 0),
(462, 8, 1, 0),
(463, 8, 1, 0),
(464, 8, 1, 0),
(465, 8, 1, 0),
(466, 8, 1, 0),
(467, 8, 1, 0),
(468, 8, 1, 0),
(469, 8, 1, 0),
(470, 8, 1, 0),
(471, 8, 1, 0),
(472, 8, 1, 0),
(473, 8, 1, 0),
(474, 8, 1, 0),
(475, 8, 1, 0),
(476, 8, 1, 0),
(477, 8, 1, 0),
(478, 8, 1, 0),
(479, 8, 1, 0),
(480, 8, 1, 0),
(481, 8, 1, 0),
(482, 8, 1, 0),
(483, 8, 1, 0),
(484, 8, 1, 0),
(485, 8, 1, 0),
(486, 8, 1, 0),
(487, 8, 1, 0),
(488, 8, 1, 0),
(489, 8, 1, 0),
(490, 8, 1, 0),
(491, 8, 1, 0),
(492, 8, 1, 0),
(493, 8, 1, 0),
(494, 8, 1, 0),
(495, 8, 1, 0),
(496, 8, 1, 0),
(497, 8, 1, 0),
(498, 8, 1, 0),
(499, 8, 1, 0),
(500, 8, 1, 0),
(501, 8, 1, 0),
(502, 8, 1, 0),
(503, 8, 1, 0),
(504, 8, 1, 0),
(505, 8, 1, 0),
(506, 8, 1, 0),
(507, 8, 1, 0),
(508, 8, 1, 0),
(509, 8, 1, 0),
(510, 8, 1, 0),
(511, 8, 1, 0),
(512, 8, 1, 0),
(513, 8, 1, 0),
(514, 8, 1, 0),
(515, 8, 1, 0),
(516, 8, 1, 0),
(517, 8, 1, 0),
(518, 8, 1, 0),
(519, 8, 1, 0),
(520, 8, 1, 0),
(521, 8, 1, 0),
(522, 8, 1, 0),
(523, 8, 1, 0),
(524, 8, 1, 0),
(525, 8, 1, 0),
(526, 8, 1, 0),
(527, 8, 1, 0),
(528, 8, 1, 0),
(529, 8, 1, 0),
(530, 8, 1, 0),
(531, 8, 1, 0),
(532, 8, 1, 0),
(533, 8, 1, 0),
(534, 8, 1, 0),
(535, 8, 1, 0),
(536, 8, 1, 0),
(537, 8, 1, 0),
(538, 8, 1, 0),
(539, 8, 1, 0),
(540, 8, 1, 0),
(541, 8, 1, 0),
(542, 8, 1, 0),
(543, 8, 1, 0),
(544, 8, 1, 0),
(545, 8, 1, 0),
(546, 8, 1, 0),
(547, 8, 1, 0),
(548, 8, 1, 0),
(549, 8, 1, 0),
(550, 8, 1, 0),
(551, 8, 1, 0),
(552, 8, 1, 0),
(553, 8, 1, 0),
(554, 8, 1, 0),
(555, 8, 1, 0),
(556, 8, 1, 0),
(557, 8, 1, 0),
(558, 8, 1, 0),
(559, 8, 1, 0),
(560, 8, 1, 0),
(561, 8, 1, 0),
(562, 8, 1, 0),
(563, 8, 1, 0),
(564, 8, 1, 0),
(565, 8, 1, 0),
(566, 8, 1, 0),
(567, 8, 1, 0),
(568, 8, 1, 0),
(569, 8, 1, 0),
(570, 8, 1, 0),
(571, 8, 1, 0),
(572, 8, 1, 0),
(573, 8, 1, 0),
(574, 8, 1, 0),
(575, 8, 1, 0),
(576, 8, 1, 0),
(577, 8, 1, 0),
(578, 8, 1, 0),
(579, 8, 1, 0),
(580, 8, 1, 0),
(581, 8, 1, 0),
(582, 8, 1, 0),
(583, 8, 1, 0),
(584, 8, 1, 0),
(585, 8, 1, 0),
(586, 8, 1, 0),
(587, 8, 1, 0),
(588, 8, 1, 0),
(589, 8, 1, 0),
(590, 8, 1, 0),
(591, 8, 1, 0),
(592, 8, 1, 0),
(593, 8, 1, 0),
(594, 8, 1, 0),
(595, 8, 1, 0),
(596, 8, 1, 0),
(597, 8, 1, 0),
(598, 8, 1, 0),
(599, 8, 1, 0),
(600, 8, 1, 0),
(601, 8, 1, 0),
(602, 8, 1, 0),
(603, 8, 1, 0),
(604, 8, 1, 0),
(605, 8, 1, 0),
(606, 8, 1, 0),
(607, 8, 1, 0),
(608, 8, 1, 0),
(609, 8, 1, 0),
(610, 8, 1, 0),
(611, 8, 1, 0),
(612, 8, 1, 0),
(613, 8, 1, 0),
(614, 8, 1, 0),
(615, 8, 1, 0),
(616, 8, 1, 0),
(617, 8, 1, 0),
(618, 8, 1, 0),
(619, 8, 1, 0),
(620, 8, 1, 0),
(621, 8, 1, 0),
(622, 8, 1, 0),
(623, 8, 1, 0),
(624, 8, 1, 0),
(625, 8, 1, 0),
(626, 8, 1, 0),
(627, 8, 1, 0),
(628, 8, 1, 0),
(629, 8, 1, 0),
(630, 8, 1, 0),
(631, 8, 1, 0),
(632, 8, 1, 0),
(633, 8, 1, 0),
(634, 8, 1, 0),
(635, 8, 1, 0),
(636, 8, 1, 0),
(637, 8, 1, 0),
(638, 8, 1, 0),
(639, 8, 1, 0),
(640, 8, 1, 0),
(641, 8, 1, 0),
(642, 8, 1, 0),
(643, 8, 1, 0),
(644, 8, 1, 0),
(645, 8, 1, 0),
(646, 8, 1, 0),
(647, 8, 1, 0),
(648, 8, 1, 0),
(649, 8, 1, 0),
(650, 8, 1, 0),
(651, 8, 1, 0),
(652, 8, 1, 0),
(653, 8, 1, 0),
(654, 8, 1, 0),
(655, 8, 1, 0),
(656, 8, 1, 0),
(657, 8, 1, 0),
(658, 8, 1, 0),
(659, 8, 1, 0),
(660, 8, 1, 0),
(661, 8, 1, 0),
(662, 8, 1, 0),
(663, 8, 1, 0),
(664, 8, 1, 0),
(665, 8, 1, 0),
(666, 8, 1, 0),
(667, 8, 1, 0),
(668, 8, 1, 0),
(669, 8, 1, 0),
(670, 8, 1, 0),
(671, 8, 1, 0),
(672, 8, 1, 0),
(673, 8, 1, 0),
(674, 8, 1, 0),
(675, 8, 1, 0),
(676, 8, 1, 0),
(677, 8, 1, 0),
(678, 8, 1, 0),
(679, 8, 1, 0),
(680, 8, 1, 0),
(681, 8, 1, 0),
(682, 8, 1, 0),
(683, 8, 1, 0),
(684, 8, 1, 0),
(685, 8, 1, 0),
(686, 8, 1, 0),
(687, 8, 1, 0),
(688, 8, 1, 0),
(689, 8, 1, 0),
(690, 8, 1, 0),
(691, 8, 1, 0),
(692, 8, 1, 0),
(693, 8, 1, 0),
(694, 8, 1, 0),
(695, 8, 1, 0),
(696, 8, 1, 0),
(697, 8, 1, 0),
(698, 8, 1, 0),
(699, 8, 1, 0),
(700, 8, 1, 0),
(701, 8, 1, 0),
(702, 8, 1, 0),
(703, 8, 1, 0),
(704, 8, 1, 0),
(705, 8, 1, 0),
(706, 8, 1, 0),
(707, 8, 1, 0),
(708, 8, 1, 0),
(709, 8, 1, 0),
(710, 8, 1, 0),
(711, 8, 1, 0),
(712, 8, 1, 0),
(713, 8, 1, 0),
(714, 8, 1, 0),
(715, 8, 1, 0),
(716, 8, 1, 0),
(717, 8, 1, 0),
(718, 8, 1, 0),
(719, 8, 1, 0),
(720, 8, 1, 0),
(721, 8, 1, 0),
(722, 8, 1, 0),
(723, 8, 1, 0),
(724, 8, 1, 0),
(725, 8, 1, 0),
(726, 8, 1, 0),
(727, 8, 1, 0),
(728, 8, 1, 0),
(729, 8, 1, 0),
(730, 8, 1, 0),
(731, 8, 1, 0),
(732, 8, 1, 0),
(733, 8, 1, 0),
(734, 8, 1, 0),
(735, 8, 1, 0),
(736, 8, 1, 0),
(737, 8, 1, 0),
(738, 8, 1, 0),
(739, 8, 1, 0),
(740, 8, 1, 0),
(741, 8, 1, 0),
(742, 8, 1, 0),
(743, 8, 1, 0),
(744, 8, 1, 0),
(745, 8, 1, 0),
(746, 8, 1, 0),
(747, 8, 1, 0),
(748, 8, 1, 0),
(749, 8, 1, 0),
(750, 8, 1, 0),
(751, 8, 1, 0),
(752, 8, 1, 0),
(753, 8, 1, 0),
(754, 8, 1, 0),
(755, 8, 1, 0),
(756, 8, 1, 0),
(757, 8, 1, 0),
(758, 8, 1, 0),
(759, 8, 1, 0),
(760, 8, 1, 0),
(761, 8, 1, 0),
(762, 8, 1, 0),
(763, 8, 1, 0),
(764, 8, 1, 0),
(765, 8, 1, 0),
(766, 8, 1, 0),
(767, 8, 1, 0),
(768, 8, 1, 0),
(769, 8, 1, 0),
(770, 8, 1, 0),
(771, 8, 1, 0),
(772, 8, 1, 0),
(773, 8, 1, 0),
(774, 8, 1, 0),
(775, 8, 1, 0),
(776, 8, 1, 0),
(777, 8, 1, 0),
(778, 8, 1, 0),
(779, 8, 1, 0),
(780, 8, 1, 0),
(781, 8, 1, 0),
(782, 8, 1, 0),
(783, 8, 1, 0),
(784, 8, 1, 0),
(785, 8, 1, 0),
(786, 8, 1, 0),
(787, 8, 1, 0),
(788, 8, 1, 0),
(789, 8, 1, 0),
(790, 8, 1, 0),
(791, 8, 1, 0),
(792, 8, 1, 0),
(793, 8, 1, 0),
(794, 8, 1, 0),
(795, 8, 1, 0),
(796, 8, 1, 0),
(797, 8, 1, 0),
(798, 8, 1, 0),
(799, 8, 1, 0),
(800, 8, 1, 0),
(801, 8, 1, 0),
(802, 8, 1, 0),
(803, 8, 1, 0),
(804, 8, 1, 0),
(805, 8, 1, 0),
(806, 8, 1, 0),
(807, 8, 1, 0),
(808, 8, 1, 0),
(809, 8, 1, 0),
(810, 8, 1, 0),
(811, 8, 1, 0),
(812, 8, 1, 0),
(813, 8, 1, 0),
(814, 8, 1, 0),
(815, 8, 1, 0),
(816, 8, 1, 0),
(817, 8, 1, 0),
(818, 8, 1, 0),
(819, 8, 1, 0),
(820, 8, 1, 0),
(821, 8, 1, 0),
(822, 8, 1, 0),
(823, 8, 1, 0),
(824, 8, 1, 0),
(825, 8, 1, 0),
(826, 8, 1, 0),
(827, 8, 1, 0),
(828, 8, 1, 0),
(829, 8, 1, 0),
(830, 8, 1, 0),
(831, 8, 1, 0),
(832, 8, 1, 0),
(833, 8, 1, 0),
(834, 8, 1, 0),
(835, 8, 1, 0),
(836, 8, 1, 0),
(837, 8, 1, 0),
(838, 8, 1, 0),
(839, 8, 1, 0),
(840, 8, 1, 0),
(841, 8, 1, 0),
(842, 8, 1, 0),
(843, 8, 1, 0),
(844, 8, 1, 0),
(845, 8, 1, 0),
(846, 8, 1, 0),
(847, 8, 1, 0),
(848, 8, 1, 0),
(849, 8, 1, 0),
(850, 8, 1, 0),
(851, 8, 1, 0),
(852, 8, 1, 0),
(853, 8, 1, 0),
(854, 8, 1, 0),
(855, 8, 1, 0),
(856, 8, 1, 0),
(857, 8, 1, 0),
(858, 8, 1, 0),
(859, 8, 1, 0),
(860, 8, 1, 0),
(861, 8, 1, 0),
(862, 8, 1, 0),
(863, 8, 1, 0),
(864, 8, 1, 0),
(865, 8, 1, 0),
(866, 8, 1, 0),
(867, 8, 1, 0),
(868, 8, 1, 0),
(869, 8, 1, 0),
(870, 8, 1, 0),
(871, 8, 1, 0),
(872, 8, 1, 0),
(873, 8, 1, 0),
(874, 8, 1, 0),
(875, 8, 1, 0),
(876, 8, 1, 0),
(877, 8, 1, 0),
(878, 8, 1, 0),
(879, 8, 1, 0),
(880, 8, 1, 0),
(881, 8, 1, 0),
(882, 8, 1, 0),
(883, 8, 1, 0),
(884, 8, 1, 0),
(885, 8, 1, 0),
(886, 8, 1, 0),
(887, 8, 1, 0),
(888, 8, 1, 0),
(889, 8, 1, 0),
(890, 8, 1, 0),
(891, 8, 1, 0),
(892, 8, 1, 0),
(893, 8, 1, 0),
(894, 8, 1, 0),
(895, 8, 1, 0),
(896, 8, 1, 0),
(897, 8, 1, 0),
(898, 8, 1, 0),
(899, 8, 1, 0),
(900, 8, 1, 0),
(901, 8, 1, 0),
(902, 8, 1, 0),
(903, 8, 1, 0),
(904, 8, 1, 0),
(905, 8, 1, 0),
(906, 8, 1, 0),
(907, 8, 1, 0),
(908, 8, 1, 0),
(909, 8, 1, 0),
(910, 8, 1, 0),
(911, 8, 1, 0),
(912, 8, 1, 0),
(913, 8, 1, 0),
(914, 8, 1, 0),
(915, 8, 1, 0),
(916, 8, 1, 0),
(917, 8, 1, 0),
(918, 8, 1, 0),
(919, 8, 1, 0),
(920, 8, 1, 0),
(921, 8, 1, 0),
(922, 8, 1, 0),
(923, 8, 1, 0),
(924, 8, 1, 0),
(925, 8, 1, 0),
(926, 8, 1, 0),
(927, 8, 1, 0),
(928, 8, 1, 0),
(929, 8, 1, 0),
(930, 8, 1, 0),
(931, 8, 1, 0),
(932, 8, 1, 0),
(933, 8, 1, 0),
(934, 8, 1, 0),
(935, 8, 1, 0),
(936, 8, 1, 0),
(937, 8, 1, 0),
(938, 8, 1, 0),
(939, 8, 1, 0),
(940, 8, 1, 0),
(941, 8, 1, 0),
(942, 8, 1, 0),
(943, 8, 1, 0),
(944, 8, 1, 0),
(945, 8, 1, 0),
(946, 8, 1, 0),
(947, 8, 1, 0),
(948, 8, 1, 0),
(949, 8, 1, 0),
(950, 8, 1, 0),
(951, 8, 1, 0),
(952, 8, 1, 0),
(953, 8, 1, 0),
(954, 8, 1, 0),
(955, 8, 1, 0),
(956, 8, 1, 0),
(957, 8, 1, 0),
(958, 8, 1, 0),
(959, 8, 1, 0),
(960, 8, 1, 0),
(961, 8, 1, 0),
(962, 8, 1, 0),
(963, 8, 1, 0),
(964, 8, 1, 0),
(965, 8, 1, 0),
(966, 8, 1, 0),
(967, 8, 1, 0),
(968, 8, 1, 0),
(969, 8, 1, 0),
(970, 8, 1, 0),
(971, 8, 1, 0),
(972, 8, 1, 0),
(973, 8, 1, 0),
(974, 8, 1, 0),
(975, 8, 1, 0),
(976, 8, 1, 0),
(977, 8, 1, 0),
(978, 8, 1, 0),
(979, 8, 1, 0),
(980, 8, 1, 0),
(981, 8, 1, 0),
(982, 8, 1, 0),
(983, 8, 1, 0),
(984, 8, 1, 0),
(985, 8, 1, 0),
(986, 8, 1, 0),
(987, 8, 1, 0),
(988, 8, 1, 0),
(989, 8, 1, 0),
(990, 8, 1, 0),
(991, 8, 1, 0),
(992, 8, 1, 0),
(993, 8, 1, 0),
(994, 8, 1, 0),
(995, 8, 1, 0),
(996, 8, 1, 0),
(997, 8, 1, 0),
(998, 8, 1, 0),
(999, 8, 1, 0),
(1000, 8, 1, 0),
(1001, 8, 1, 0),
(1002, 8, 1, 0),
(1003, 8, 1, 0),
(1004, 8, 1, 0),
(1005, 8, 1, 0),
(1006, 8, 1, 0),
(1007, 8, 1, 0),
(1008, 8, 1, 0),
(1009, 8, 1, 0),
(1010, 8, 1, 0),
(1011, 8, 1, 0),
(1012, 8, 1, 0),
(1013, 8, 1, 0),
(1014, 8, 1, 0),
(1015, 8, 1, 0),
(1016, 8, 1, 0),
(1017, 8, 1, 0),
(1018, 8, 1, 0),
(1019, 8, 1, 0),
(1020, 8, 1, 0),
(1021, 8, 1, 0),
(1022, 8, 1, 0),
(1023, 8, 1, 0),
(1024, 8, 1, 0),
(1025, 8, 1, 0),
(1026, 8, 1, 0),
(1027, 8, 1, 0),
(1028, 8, 1, 0),
(1029, 8, 1, 0),
(1030, 8, 1, 0),
(1031, 8, 1, 0),
(1032, 8, 1, 0),
(1033, 8, 1, 0),
(1034, 8, 1, 0),
(1035, 8, 1, 0),
(1036, 8, 1, 0),
(1037, 8, 1, 0),
(1038, 8, 1, 0),
(1039, 8, 1, 0),
(1040, 8, 1, 0),
(1041, 8, 1, 0),
(1042, 8, 1, 0),
(1043, 8, 1, 0),
(1044, 8, 1, 0),
(1045, 8, 1, 0),
(1046, 8, 1, 0),
(1047, 8, 1, 0),
(1048, 8, 1, 0),
(1049, 8, 1, 0),
(1050, 8, 1, 0),
(1051, 8, 1, 0),
(1052, 8, 1, 0),
(1053, 8, 1, 0),
(1054, 8, 1, 0),
(1055, 8, 1, 0),
(1056, 8, 1, 0),
(1057, 8, 1, 0),
(1058, 8, 1, 0),
(1059, 8, 1, 0),
(1060, 8, 1, 0),
(1061, 8, 1, 0),
(1062, 8, 1, 0),
(1063, 8, 1, 0),
(1064, 8, 1, 0),
(1065, 8, 1, 0),
(1066, 8, 1, 0),
(1067, 8, 1, 0),
(1068, 8, 1, 0),
(1069, 8, 1, 0),
(1070, 8, 1, 0),
(1071, 8, 1, 0),
(1072, 8, 1, 0),
(1073, 8, 1, 0),
(1074, 8, 1, 0),
(1075, 8, 1, 0),
(1076, 8, 1, 0),
(1077, 8, 1, 0),
(1078, 8, 1, 0),
(1079, 8, 1, 0),
(1080, 8, 1, 0),
(1081, 8, 1, 0),
(1082, 8, 1, 0),
(1083, 8, 1, 0),
(1084, 8, 1, 0),
(1085, 8, 1, 0),
(1086, 8, 1, 0),
(1087, 8, 1, 0),
(1088, 8, 1, 0),
(1089, 8, 1, 0),
(1090, 8, 1, 0),
(1091, 8, 1, 0),
(1092, 8, 1, 0),
(1093, 8, 1, 0),
(1094, 8, 1, 0),
(1095, 8, 1, 0),
(1096, 8, 1, 0),
(1097, 8, 1, 0),
(1098, 8, 1, 0),
(1099, 8, 1, 0),
(1100, 8, 1, 0),
(1101, 8, 1, 0),
(1102, 8, 1, 0),
(1103, 8, 1, 0),
(1104, 8, 1, 0),
(1105, 8, 1, 0),
(1106, 8, 1, 0),
(1107, 8, 1, 0),
(1108, 8, 1, 0),
(1109, 8, 1, 0),
(1110, 8, 1, 0),
(1111, 8, 1, 0),
(1112, 8, 1, 0),
(1113, 8, 1, 0),
(1114, 8, 1, 0),
(1115, 8, 1, 0),
(1116, 8, 1, 0),
(1117, 8, 1, 0),
(1118, 8, 1, 0),
(1119, 8, 1, 0),
(1120, 8, 1, 0),
(1121, 8, 1, 0),
(1122, 8, 1, 0),
(1123, 8, 1, 0),
(1124, 8, 1, 0),
(1125, 8, 1, 0),
(1126, 8, 1, 0),
(1127, 8, 1, 0),
(1128, 8, 1, 0),
(1129, 8, 1, 0),
(1130, 8, 1, 0),
(1131, 8, 1, 0),
(1132, 8, 1, 0),
(1133, 8, 1, 0),
(1134, 8, 1, 0),
(1135, 8, 1, 0),
(1136, 8, 1, 0),
(1137, 8, 1, 0),
(1138, 8, 1, 0),
(1139, 8, 1, 0),
(1140, 8, 1, 0),
(1141, 8, 1, 0),
(1142, 8, 1, 0),
(1143, 8, 1, 0),
(1144, 8, 1, 0),
(1145, 8, 1, 0),
(1146, 8, 1, 0),
(1147, 8, 1, 0),
(1148, 8, 1, 0),
(1149, 8, 1, 0),
(1150, 8, 1, 0),
(1151, 8, 1, 0),
(1152, 8, 1, 0),
(1153, 8, 1, 0),
(1154, 8, 1, 0),
(1155, 8, 1, 0),
(1156, 8, 1, 0),
(1157, 8, 1, 0),
(1158, 8, 1, 0),
(1159, 8, 1, 0),
(1160, 8, 1, 0),
(1161, 8, 1, 0),
(1162, 8, 1, 0),
(1163, 8, 1, 0),
(1164, 8, 1, 0),
(1165, 8, 1, 0),
(1166, 8, 1, 0),
(1167, 8, 1, 0),
(1168, 8, 1, 0),
(1169, 8, 1, 0),
(1170, 8, 1, 0),
(1171, 8, 1, 0),
(1172, 8, 1, 0),
(1173, 8, 1, 0),
(1174, 8, 1, 0),
(1175, 8, 1, 0),
(1176, 8, 1, 0),
(1177, 8, 1, 0),
(1178, 8, 1, 0),
(1179, 8, 1, 0),
(1180, 8, 1, 0),
(1181, 8, 1, 0),
(1182, 8, 1, 0),
(1183, 8, 1, 0),
(1184, 8, 1, 0),
(1185, 8, 1, 0),
(1186, 8, 1, 0),
(1187, 8, 1, 0),
(1188, 8, 1, 0),
(1189, 8, 1, 0),
(1190, 8, 1, 0),
(1191, 8, 1, 0),
(1192, 8, 1, 0),
(1193, 8, 1, 0),
(1194, 8, 1, 0),
(1195, 8, 1, 0),
(1196, 8, 1, 0),
(1197, 8, 1, 0),
(1198, 8, 1, 0),
(1199, 8, 1, 0),
(1200, 8, 1, 0),
(1201, 8, 1, 0),
(1202, 8, 1, 0),
(1203, 8, 1, 0),
(1204, 8, 1, 0),
(1205, 8, 1, 0),
(1206, 8, 1, 0),
(1207, 8, 1, 0),
(1208, 8, 1, 0),
(1209, 8, 1, 0),
(1210, 8, 1, 0),
(1211, 8, 1, 0),
(1212, 8, 1, 0),
(1213, 8, 1, 0),
(1214, 8, 1, 0),
(1215, 8, 1, 0),
(1216, 8, 1, 0),
(1217, 8, 1, 0),
(1218, 8, 1, 0),
(1219, 8, 1, 0),
(1220, 8, 1, 0),
(1221, 8, 1, 0),
(1222, 8, 1, 0),
(1223, 8, 1, 0),
(1224, 8, 1, 0),
(1225, 8, 1, 0),
(1226, 8, 1, 0),
(1227, 8, 1, 0),
(1228, 8, 1, 0),
(1229, 8, 1, 0),
(1230, 8, 1, 0),
(1231, 8, 1, 0),
(1232, 8, 1, 0),
(1233, 8, 1, 0),
(1234, 8, 1, 0),
(1235, 8, 1, 0),
(1236, 8, 1, 0),
(1237, 8, 1, 0),
(1238, 8, 1, 0),
(1239, 8, 1, 0),
(1240, 8, 1, 0),
(1241, 8, 1, 0),
(1242, 8, 1, 0),
(1243, 8, 1, 0),
(1244, 8, 1, 0),
(1245, 8, 1, 0),
(1246, 8, 1, 0),
(1247, 8, 1, 0),
(1248, 8, 1, 0),
(1249, 8, 1, 0),
(1250, 8, 1, 0),
(1251, 8, 1, 0),
(1252, 8, 1, 0),
(1253, 8, 1, 0),
(1254, 8, 1, 0),
(1255, 8, 1, 0),
(1256, 8, 1, 0),
(1257, 8, 1, 0),
(1258, 8, 1, 0),
(1259, 8, 1, 0),
(1260, 8, 1, 0),
(1261, 8, 1, 0),
(1262, 8, 1, 0),
(1263, 8, 1, 0),
(1264, 8, 1, 0),
(1265, 8, 1, 0),
(1266, 8, 1, 0),
(1267, 8, 1, 0),
(1268, 8, 1, 0),
(1269, 8, 1, 0),
(1270, 8, 1, 0),
(1271, 8, 1, 0),
(1272, 8, 1, 0),
(1273, 8, 1, 0),
(1274, 8, 1, 0),
(1275, 8, 1, 0),
(1276, 8, 1, 0),
(1277, 8, 1, 0),
(1278, 8, 1, 0),
(1279, 8, 1, 0),
(1280, 8, 1, 0),
(1281, 8, 1, 0),
(1282, 8, 1, 0),
(1283, 8, 1, 0),
(1284, 8, 1, 0),
(1285, 8, 1, 0),
(1286, 8, 1, 0),
(1287, 8, 1, 0),
(1288, 8, 1, 0),
(1289, 8, 1, 0),
(1290, 8, 1, 0),
(1291, 8, 1, 0),
(1292, 8, 1, 0),
(1293, 8, 1, 0),
(1294, 8, 1, 0),
(1295, 8, 1, 0),
(1296, 8, 1, 0),
(1297, 8, 1, 0),
(1298, 8, 1, 0),
(1299, 8, 1, 0),
(1300, 8, 1, 0),
(1301, 8, 1, 0),
(1302, 8, 1, 0),
(1303, 8, 1, 0),
(1304, 8, 1, 0),
(1305, 8, 1, 0),
(1306, 8, 1, 0),
(1307, 8, 1, 0),
(1308, 8, 1, 0),
(1309, 8, 1, 0),
(1310, 8, 1, 0),
(1311, 8, 1, 0),
(1312, 8, 1, 0),
(1313, 8, 1, 0),
(1314, 8, 1, 0),
(1315, 8, 1, 0),
(1316, 8, 1, 0),
(1317, 8, 1, 0),
(1318, 8, 1, 0),
(1319, 8, 1, 0),
(1320, 8, 1, 0),
(1321, 8, 1, 0),
(1322, 8, 1, 0),
(1323, 8, 1, 0),
(1324, 8, 1, 0),
(1325, 8, 1, 0),
(1326, 8, 1, 0),
(1327, 8, 1, 0),
(1328, 8, 1, 0),
(1329, 8, 1, 0),
(1330, 8, 1, 0),
(1331, 8, 1, 0),
(1332, 8, 1, 0),
(1333, 8, 1, 0),
(1334, 8, 1, 0),
(1335, 8, 1, 0),
(1336, 8, 1, 0),
(1337, 8, 1, 0),
(1338, 8, 1, 0),
(1339, 8, 1, 0),
(1340, 8, 1, 0),
(1341, 8, 1, 0),
(1342, 8, 1, 0),
(1343, 8, 1, 0),
(1344, 8, 1, 0),
(1345, 8, 1, 0),
(1346, 8, 1, 0),
(1347, 8, 1, 0),
(1348, 8, 1, 0),
(1349, 8, 1, 0),
(1350, 8, 1, 0),
(1351, 8, 1, 0),
(1352, 8, 1, 0),
(1353, 8, 1, 0),
(1354, 8, 1, 0),
(1355, 8, 1, 0),
(1356, 8, 1, 0),
(1357, 8, 1, 0),
(1358, 8, 1, 0),
(1359, 8, 1, 0),
(1360, 8, 1, 0),
(1361, 8, 1, 0),
(1362, 8, 1, 0),
(1363, 8, 1, 0),
(1364, 8, 1, 0),
(1365, 8, 1, 0),
(1366, 8, 1, 0),
(1367, 8, 1, 0),
(1368, 8, 1, 0),
(1369, 8, 1, 0),
(1370, 8, 1, 0),
(1371, 8, 1, 0),
(1372, 8, 1, 0),
(1373, 8, 1, 0),
(1374, 8, 1, 0),
(1375, 8, 1, 0),
(1376, 8, 1, 0),
(1377, 8, 1, 0),
(1378, 8, 1, 0),
(1379, 8, 1, 0),
(1380, 8, 1, 0),
(1381, 8, 1, 0),
(1382, 8, 1, 0),
(1383, 8, 1, 0),
(1384, 8, 1, 0),
(1385, 8, 1, 0),
(1386, 8, 1, 0),
(1387, 8, 1, 0),
(1388, 8, 1, 0),
(1389, 8, 1, 0),
(1390, 8, 1, 0),
(1391, 8, 1, 0),
(1392, 8, 1, 0),
(1393, 8, 1, 0),
(1394, 8, 1, 0),
(1395, 8, 1, 0),
(1396, 8, 1, 0),
(1397, 8, 1, 0),
(1398, 8, 1, 0),
(1399, 8, 1, 0),
(1400, 8, 1, 0),
(1401, 8, 1, 0),
(1402, 8, 1, 0),
(1403, 8, 1, 0),
(1404, 8, 1, 0),
(1405, 8, 1, 0),
(1406, 8, 1, 0),
(1407, 8, 1, 0),
(1408, 8, 1, 0),
(1409, 8, 1, 0),
(1410, 8, 1, 0),
(1411, 8, 1, 0),
(1412, 8, 1, 0),
(1413, 8, 1, 0),
(1414, 8, 1, 0),
(1415, 8, 1, 0),
(1416, 8, 1, 0),
(1417, 8, 1, 0),
(1418, 8, 1, 0),
(1419, 8, 1, 0),
(1420, 8, 1, 0),
(1421, 8, 1, 0),
(1422, 8, 1, 0),
(1423, 8, 1, 0),
(1424, 8, 1, 0),
(1425, 8, 1, 0),
(1426, 8, 1, 0),
(1427, 8, 1, 0),
(1428, 8, 1, 0),
(1429, 8, 1, 0),
(1430, 8, 1, 0),
(1431, 8, 1, 0),
(1432, 8, 1, 0),
(1433, 8, 1, 0),
(1434, 8, 1, 0),
(1435, 8, 1, 0),
(1436, 8, 1, 0),
(1437, 8, 1, 0),
(1438, 8, 1, 0),
(1439, 8, 1, 0),
(1440, 8, 1, 0),
(1441, 8, 1, 0),
(1442, 8, 1, 0),
(1443, 8, 1, 0),
(1444, 8, 1, 0),
(1445, 8, 1, 0),
(1446, 8, 1, 0),
(1447, 8, 1, 0),
(1448, 8, 1, 0),
(1449, 8, 1, 0),
(1450, 8, 1, 0),
(1451, 8, 1, 0),
(1452, 8, 1, 0),
(1453, 8, 1, 0),
(1454, 8, 1, 0),
(1455, 8, 1, 0),
(1456, 8, 1, 0),
(1457, 8, 1, 0),
(1458, 8, 1, 0),
(1459, 8, 1, 0),
(1460, 8, 1, 0),
(1461, 8, 1, 0),
(1462, 8, 1, 0),
(1463, 8, 1, 0),
(1464, 8, 1, 0),
(1465, 8, 1, 0),
(1466, 8, 1, 0),
(1467, 8, 1, 0),
(1468, 8, 1, 0),
(1469, 8, 1, 0),
(1470, 8, 1, 0),
(1471, 8, 1, 0),
(1472, 8, 1, 0),
(1473, 8, 1, 0),
(1474, 8, 1, 0),
(1475, 8, 1, 0),
(1476, 8, 1, 0),
(1477, 8, 1, 0),
(1478, 8, 1, 0),
(1479, 8, 1, 0),
(1480, 8, 1, 0),
(1481, 8, 1, 0),
(1482, 8, 1, 0),
(1483, 8, 1, 0),
(1484, 8, 1, 0),
(1485, 8, 1, 0),
(1486, 8, 1, 0),
(1487, 8, 1, 0),
(1488, 8, 1, 0),
(1489, 8, 1, 0),
(1490, 8, 1, 0),
(1491, 8, 1, 0),
(1492, 8, 1, 0),
(1493, 8, 1, 0),
(1494, 8, 1, 0),
(1495, 8, 1, 0),
(1496, 8, 1, 0),
(1497, 8, 1, 0),
(1498, 8, 1, 0),
(1499, 8, 1, 0),
(1500, 8, 1, 0),
(1501, 8, 1, 0),
(1502, 8, 1, 0),
(1503, 8, 1, 0),
(1504, 8, 1, 0),
(1505, 8, 1, 0),
(1506, 8, 1, 0),
(1507, 8, 1, 0),
(1508, 8, 1, 0),
(1509, 8, 1, 0),
(1510, 8, 1, 0),
(1511, 8, 1, 0),
(1512, 8, 1, 0),
(1513, 8, 1, 0),
(1514, 8, 1, 0),
(1515, 8, 1, 0),
(1516, 8, 1, 0),
(1517, 8, 1, 0),
(1518, 8, 1, 0),
(1519, 8, 1, 0),
(1520, 8, 1, 0),
(1521, 8, 1, 0),
(1522, 8, 1, 0),
(1523, 8, 1, 0),
(1524, 8, 1, 0),
(1525, 8, 1, 0),
(1526, 8, 1, 0),
(1527, 8, 1, 0),
(1528, 8, 1, 0),
(1529, 8, 1, 0),
(1530, 8, 1, 0),
(1531, 8, 1, 0),
(1532, 8, 1, 0),
(1533, 8, 1, 0),
(1534, 8, 1, 0),
(1535, 8, 1, 0),
(1536, 8, 1, 0),
(1537, 8, 1, 0),
(1538, 8, 1, 0),
(1539, 8, 1, 0),
(1540, 8, 1, 0),
(1541, 8, 1, 0),
(1542, 8, 1, 0),
(1543, 8, 1, 0),
(1544, 8, 1, 0),
(1545, 8, 1, 0),
(1546, 8, 1, 0),
(1547, 8, 1, 0),
(1548, 8, 1, 0),
(1549, 8, 1, 0),
(1550, 8, 1, 0),
(1551, 8, 1, 0),
(1552, 8, 1, 0),
(1553, 8, 1, 0),
(1554, 8, 1, 0),
(1555, 8, 1, 0),
(1556, 8, 1, 0),
(1557, 8, 1, 0),
(1558, 8, 1, 0),
(1559, 8, 1, 0),
(1560, 8, 1, 0),
(1561, 8, 1, 0),
(1562, 8, 1, 0),
(1563, 8, 1, 0),
(1564, 8, 1, 0),
(1565, 8, 1, 0),
(1566, 8, 1, 0),
(1567, 8, 1, 0),
(1568, 8, 1, 0),
(1569, 8, 1, 0),
(1570, 8, 1, 0),
(1571, 8, 1, 0),
(1572, 8, 1, 0),
(1573, 8, 1, 0),
(1574, 8, 1, 0),
(1575, 8, 1, 0),
(1576, 8, 1, 0),
(1577, 8, 1, 0),
(1578, 8, 1, 0),
(1579, 8, 1, 0),
(1580, 8, 1, 0),
(1581, 8, 1, 0),
(1582, 8, 1, 0),
(1583, 8, 1, 0),
(1584, 8, 1, 0),
(1585, 8, 1, 0),
(1586, 8, 1, 0),
(1587, 8, 1, 0),
(1588, 8, 1, 0),
(1589, 8, 1, 0),
(1590, 8, 1, 0),
(1591, 8, 1, 0),
(1592, 8, 1, 0),
(1593, 8, 1, 0),
(1594, 8, 1, 0),
(1595, 8, 1, 0),
(1596, 8, 1, 0),
(1597, 8, 1, 0),
(1598, 8, 1, 0),
(1599, 8, 1, 0),
(1600, 8, 1, 0),
(1601, 8, 1, 0),
(1602, 8, 1, 0),
(1603, 8, 1, 0),
(1604, 8, 1, 0),
(1605, 8, 1, 0),
(1606, 8, 1, 0),
(1607, 8, 1, 0),
(1608, 8, 1, 0),
(1609, 8, 1, 0),
(1610, 8, 1, 0),
(1611, 8, 1, 0),
(1612, 8, 1, 0),
(1613, 8, 1, 0),
(1614, 8, 1, 0),
(1615, 8, 1, 0),
(1616, 8, 1, 0),
(1617, 8, 1, 0),
(1618, 8, 1, 0),
(1619, 8, 1, 0),
(1620, 8, 1, 0),
(1621, 8, 1, 0),
(1622, 8, 1, 0),
(1623, 8, 1, 0),
(1624, 8, 1, 0),
(1625, 8, 1, 0),
(1626, 8, 1, 0),
(1627, 8, 1, 0),
(1628, 8, 1, 0),
(1629, 8, 1, 0),
(1630, 8, 1, 0),
(1631, 8, 1, 0),
(1632, 8, 1, 0),
(1633, 8, 1, 0),
(1634, 8, 1, 0),
(1635, 8, 1, 0),
(1636, 8, 1, 0),
(1637, 8, 1, 0),
(1638, 8, 1, 0),
(1639, 8, 1, 0),
(1640, 8, 1, 0),
(1641, 8, 1, 0),
(1642, 8, 1, 0),
(1643, 8, 1, 0),
(1644, 8, 1, 0),
(1645, 8, 1, 0),
(1646, 8, 1, 0),
(1647, 8, 1, 0),
(1648, 8, 1, 0),
(1649, 8, 1, 0),
(1650, 8, 1, 0),
(1651, 8, 1, 0),
(1652, 8, 1, 0),
(1653, 8, 1, 0),
(1654, 8, 1, 0),
(1655, 8, 1, 0),
(1656, 8, 1, 0),
(1657, 8, 1, 0),
(1658, 8, 1, 0),
(1659, 8, 1, 0),
(1660, 8, 1, 0),
(1661, 8, 1, 0),
(1662, 8, 1, 0),
(1663, 8, 1, 0),
(1664, 8, 1, 0),
(1665, 8, 1, 0),
(1666, 8, 1, 0),
(1667, 8, 1, 0),
(1668, 8, 1, 0),
(1669, 8, 1, 0),
(1670, 8, 1, 0),
(1671, 8, 1, 0),
(1672, 8, 1, 0),
(1673, 8, 1, 0),
(1674, 8, 1, 0),
(1675, 8, 1, 0),
(1676, 8, 1, 0),
(1677, 8, 1, 0),
(1678, 8, 1, 0),
(1679, 8, 1, 0),
(1680, 8, 1, 0),
(1681, 8, 1, 0),
(1682, 8, 1, 0),
(1683, 8, 1, 0),
(1684, 8, 1, 0),
(1685, 8, 1, 0),
(1686, 8, 1, 0),
(1687, 8, 1, 0),
(1688, 8, 1, 0),
(1689, 8, 1, 0),
(1690, 8, 1, 0),
(1691, 8, 1, 0),
(1692, 8, 1, 0),
(1693, 8, 1, 0),
(1694, 8, 1, 0),
(1695, 8, 1, 0),
(1696, 8, 1, 0);

-- --------------------------------------------------------

--
-- Table structure for table `rezervacija`
--

CREATE TABLE `rezervacija` (
  `idRezervacija` int(11) NOT NULL auto_increment,
  `Vrijeme` timestamp NOT NULL default CURRENT_TIMESTAMP,
  `idOsoba` int(11) NOT NULL,
  `idKnjigaOpis` int(11) NOT NULL,
  `Status` int(11) NOT NULL default '0',
  PRIMARY KEY  (`idRezervacija`),
  KEY `fk_Rezervacija_Osoba1` (`idOsoba`),
  KEY `fk_Rezervacija_KnjigaOpis1` (`idKnjigaOpis`)
) ENGINE=InnoDB  DEFAULT CHARSET=utf8 COLLATE=utf8_slovenian_ci AUTO_INCREMENT=2 ;

--
-- Dumping data for table `rezervacija`
--

INSERT INTO `rezervacija` (`idRezervacija`, `Vrijeme`, `idOsoba`, `idKnjigaOpis`, `Status`) VALUES
(1, '2009-12-20 16:41:28', 5, 8, 1);

-- --------------------------------------------------------

--
-- Table structure for table `tiposobe`
--

CREATE TABLE `tiposobe` (
  `idTipOsobe` int(11) NOT NULL,
  `Naziv` varchar(25) collate utf8_slovenian_ci NOT NULL,
  `Opis` varchar(200) collate utf8_slovenian_ci default NULL,
  KEY `idTipOsobe` (`idTipOsobe`)
) ENGINE=InnoDB DEFAULT CHARSET=utf8 COLLATE=utf8_slovenian_ci;

--
-- Dumping data for table `tiposobe`
--

INSERT INTO `tiposobe` (`idTipOsobe`, `Naziv`, `Opis`) VALUES
(1, 'admin', NULL),
(5, 'clan', NULL),
(7, 'bibliotekar', NULL),
(8, 'clan', NULL),
(9, 'clan', NULL);

-- --------------------------------------------------------

--
-- Table structure for table `zanr`
--

CREATE TABLE `zanr` (
  `idZanr` int(11) NOT NULL auto_increment,
  `Naziv` varchar(45) collate utf8_slovenian_ci NOT NULL,
  `Opis` varchar(200) collate utf8_slovenian_ci default NULL,
  PRIMARY KEY  (`idZanr`)
) ENGINE=InnoDB  DEFAULT CHARSET=utf8 COLLATE=utf8_slovenian_ci AUTO_INCREMENT=8 ;

--
-- Dumping data for table `zanr`
--

INSERT INTO `zanr` (`idZanr`, `Naziv`, `Opis`) VALUES
(1, 'Operativni sistemi', 'Informti'),
(3, 'Baze podataka', ''),
(4, 'Psihologija', ''),
(5, 'Knjizevnost', 'knjizevnost'),
(6, 'Filozofija', '-'),
(7, 'Naučna fantastika', '-');

--
-- Constraints for dumped tables
--

--
-- Constraints for table `iznajmljivanje`
--
ALTER TABLE `iznajmljivanje`
  ADD CONSTRAINT `fk_Akcija_Osoba1` FOREIGN KEY (`idOsobaClan`) REFERENCES `osoba` (`idOsoba`) ON DELETE NO ACTION ON UPDATE NO ACTION,
  ADD CONSTRAINT `fk_Akcija_Osoba2` FOREIGN KEY (`idOsobaBibliotekar`) REFERENCES `osoba` (`idOsoba`) ON DELETE NO ACTION ON UPDATE NO ACTION,
  ADD CONSTRAINT `fk_Akcija_PrimjerakKnjige1` FOREIGN KEY (`idPrimjerakKnjige`) REFERENCES `primjerakknjige` (`idPrimjerakKnjige`) ON DELETE NO ACTION ON UPDATE NO ACTION;

--
-- Constraints for table `knjigaopis`
--
ALTER TABLE `knjigaopis`
  ADD CONSTRAINT `idZanr` FOREIGN KEY (`idZanr`) REFERENCES `zanr` (`idZanr`) ON DELETE NO ACTION ON UPDATE NO ACTION;

--
-- Constraints for table `obavijest`
--
ALTER TABLE `obavijest`
  ADD CONSTRAINT `fk_Obavijest_Osoba1` FOREIGN KEY (`idOsoba`) REFERENCES `osoba` (`idOsoba`) ON DELETE NO ACTION ON UPDATE NO ACTION,
  ADD CONSTRAINT `fk_Obavijest_Poslovnica1` FOREIGN KEY (`idPoslovnica`) REFERENCES `poslovnica` (`idPoslovnica`) ON DELETE NO ACTION ON UPDATE NO ACTION;

--
-- Constraints for table `ocjena`
--
ALTER TABLE `ocjena`
  ADD CONSTRAINT `fk_Ocjena_KnjigaOpis1` FOREIGN KEY (`idKnjigaOpis`) REFERENCES `knjigaopis` (`idKnjigaOpis`) ON DELETE NO ACTION ON UPDATE NO ACTION,
  ADD CONSTRAINT `fk_Ocjena_Osoba1` FOREIGN KEY (`idOsoba`) REFERENCES `osoba` (`idOsoba`) ON DELETE NO ACTION ON UPDATE NO ACTION;

--
-- Constraints for table `osoba`
--
ALTER TABLE `osoba`
  ADD CONSTRAINT `fk_Osoba_Auth1` FOREIGN KEY (`idAuth`) REFERENCES `auth` (`idAuth`) ON DELETE NO ACTION ON UPDATE NO ACTION,
  ADD CONSTRAINT `fk_Osoba_Poslovnica1` FOREIGN KEY (`idPoslovnica`) REFERENCES `poslovnica` (`idPoslovnica`) ON DELETE NO ACTION ON UPDATE NO ACTION;

--
-- Constraints for table `pisac`
--
ALTER TABLE `pisac`
  ADD CONSTRAINT `idAutor` FOREIGN KEY (`idAutor`) REFERENCES `autor` (`idAutor`) ON DELETE NO ACTION ON UPDATE NO ACTION,
  ADD CONSTRAINT `idKnjigaOpis` FOREIGN KEY (`idKnjigaOpis`) REFERENCES `knjigaopis` (`idKnjigaOpis`) ON DELETE NO ACTION ON UPDATE NO ACTION;

--
-- Constraints for table `poslovnica`
--
ALTER TABLE `poslovnica`
  ADD CONSTRAINT `fk_Poslovnica_Biblioteka1` FOREIGN KEY (`idBiblioteka`) REFERENCES `biblioteka` (`idBiblioteka`) ON DELETE NO ACTION ON UPDATE NO ACTION;

--
-- Constraints for table `primjerakknjige`
--
ALTER TABLE `primjerakknjige`
  ADD CONSTRAINT `fk_PrimjerakKnjige_Poslovnica1` FOREIGN KEY (`idPoslovnica`) REFERENCES `poslovnica` (`idPoslovnica`) ON DELETE NO ACTION ON UPDATE NO ACTION;

--
-- Constraints for table `rezervacija`
--
ALTER TABLE `rezervacija`
  ADD CONSTRAINT `fk_Rezervacija_Osoba1` FOREIGN KEY (`idOsoba`) REFERENCES `osoba` (`idOsoba`) ON DELETE NO ACTION ON UPDATE NO ACTION;
